{"epoch": 1, "loss": 0.4512453079223633, "_timestamp": 1712031961.0010772, "_runtime": 117.7452712059021, "_step": 182, "_wandb": {"runtime": 117}}